http://www.mobile01.com/topicdetail.php?f=568&t=4832317,"SAMSUNG (Android)","喜歡蝙蝠俠版的限量S7 edge但又覺得太貴嗎?三步驟教你怎麼用蝙蝠俠batman主題.."
http://www.mobile01.com/topicdetail.php?f=569&t=4832312,"Sony / SE (Android)","台版 Z5P 也升6.0.1了"
http://www.mobile01.com/topicdetail.php?f=569&t=4832286,"Sony / SE (Android)",有神物可以取代小型瀏覽器嗎
http://www.mobile01.com/topicdetail.php?f=568&t=4832264,"SAMSUNG (Android)","S7 edge的相機模組目前是採用哪家廠商？？？"
http://www.mobile01.com/topicdetail.php?f=588&t=4832255,"Asus (Android)",華碩跟中華電信的人請進~~~~
http://www.mobile01.com/topicdetail.php?f=565&t=4832254,"Google (Android)","Nexus 5 問題連發"
http://www.mobile01.com/topicdetail.php?f=569&t=4832252,"Sony / SE (Android)","Xperia X 螢幕偏黃?"
http://www.mobile01.com/topicdetail.php?f=61&t=4832234,智慧型手機綜合,買手機你們會很注重什麼
http://www.mobile01.com/topicdetail.php?f=569&t=4832212,"Sony / SE (Android)","SONY Xperia X 拍照蓋大樓~~~"
http://www.mobile01.com/topicdetail.php?f=61&t=4832194,智慧型手機綜合,NOTE5如何取消系統更新
http://www.mobile01.com/topicdetail.php?f=568&t=4832180,"SAMSUNG (Android)",NOTE5如何取消系通更新
http://www.mobile01.com/topicdetail.php?f=566&t=4832170,"HTC (Android)","HTC 10 長按 HOME鍵喚醒/休眠"
